Example Industry Evening 2026 - Participant list,,,,,
,,,,,
Participant,Company,Role,LinkedIn,Contact,Note
Greta Weiss,Weiss Family Office (Springfield),Managing Director,https://de.linkedin.com/in/Greta-Weiss-Example/?trk=abc,,"Interested in first funds, knows Kai Lindgren"
Kai Lindgren,Eastwind Capital,Partner,https://www.linkedin.com/in/kai-lindgren-example,"kai.lindgren@eastwind.example.net; K.Lindgren@Eastwind.example.net","Question about the fund start:
schedule?"
Alex,,,,,
Jo (+1),,,,,
Sam (+2),Weiss Family Office,,,,
Iris Calder,Fernlea Robotics,Founder,javascript:alert(1),,Electric drives for delivery fleets
Seaside Ventures (company),,,https://www.linkedin.com/company/seaside-ventures-example,,
(no name),Quillstone Partners,,,,
,,,,,
Lotte Quist,Quillstone Partners,Investor Relations,,lotte.quist.fixture@gmail.example,
Quillstone Partners,Quillstone Partners,,,,
Partner Example,Example Fund,,,partner@example.org,
